Model,RMSE,MAE,MAPE (%)
Naive (Baseline),996.5459464905101,704.36,1064.5385973826767
SARIMA,910.462811224975,705.3874527898566,950.5038774414073
Holt-Winters,875.0098140375976,598.5442346076619,939.4934024472766
XGBoost (Tuned Global),802.8707284870018,559.2258040364583,859.4548927001546
